{"cameraMode":{"drawMode":0,"name":"Shaded","section":"Shading Mode"},"sceneLighting":false,"audioPlay":false,"sceneViewState":{"m_AlwaysRefresh":false,"showFog":true,"showSkybox":false,"showFlares":true,"showImageEffects":true,"showParticleSystems":true,"showVisualEffectGraphs":true,"m_FxEnabled":true},"in2DMode":false,"pivot":{"x":-4.752286911010742,"y":3.9805784225463869,"z":-2.814835786819458},"rotation":{"x":0.0055396961979568008,"y":-0.9900722503662109,"z":0.13479024171829225,"w":0.040401641279459},"size":1.4660255908966065,"orthographic":false}