{"cameraMode":{"drawMode":0,"name":"Shaded","section":"Shading Mode"},"sceneLighting":false,"audioPlay":false,"sceneViewState":{"m_AlwaysRefresh":false,"showFog":true,"showSkybox":false,"showFlares":true,"showImageEffects":true,"showParticleSystems":true,"showVisualEffectGraphs":true,"m_FxEnabled":true},"in2DMode":false,"pivot":{"x":-8.985968589782715,"y":2.667539358139038,"z":-22.735776901245118},"rotation":{"x":0.2841925024986267,"y":0.02124101109802723,"z":-0.006326619070023298,"w":0.9582775831222534},"size":2.1139354705810549,"orthographic":false}